crop,production1000tonnes,statename,nitrogenconsumptiontonnes,phosphateconsumptiontonnes,potashconsumptiontonnes,districtname,totalRainfall,totalAreaNew,irrigatedAreaNew,unirrigatedArea,soilCondition,log_production,log_area,log_nitrogen,log_phosphate,log_potash,log_irrigated_area,log_unirrigated_area
Maize,18.09,Chhattisgarh,91447,53486,16993,Durg,841.829998,10.25,2.473,7.777,0.0,2.895359299407204,2.327277705584417,11.42351484846955,10.887175216396335,9.740556773534106,0.9054319885392791,2.051170659712806
Maize,120.22,Chhattisgarh,21279,12584,4271,Bastar,884.62999,42.939999,11.145,31.794999,0.0,4.789323397611016,3.7598037691623256,9.965475949870196,9.440181444738114,8.359603270841466,2.410990966837832,3.4593090132678848
Maize,13.67,Chhattisgarh,92008,47721,15054,Raipur,667.999988,7.1300001,2.4630001,4.667,0.0,2.6152036507358583,1.96431124845145,11.429630808772417,10.77312683156647,9.619399015594476,0.9013801597392932,1.5405164669676785
Maize,15.83,Chhattisgarh,72926,29713,6915,Bilaspur,624.6899999999999,8.6100001,1.017999999,7.592000101000001,0.390813256,2.761906873892921,2.1529243300540415,11.197200507360451,10.299339939461232,8.841448244098858,0.017839917146012664,2.027095074611104
Maize,15.81,Chhattisgarh,31282,13620,3707,Raigarh,587.5699999999999,7.29,1.056000002,6.233999998,0.0,2.7606426512213806,1.986503546020567,10.350798131234187,9.519294579703503,8.217978203150732,0.054488187178009115,1.8300181810243241
Maize,123.33,Chhattisgarh,21139,11878,4438,Surguja,540.769989,49.400002,1.28,48.120002,0.0,4.814863689577897,3.899950464679706,9.958874954615686,9.382443228575806,8.39795910349254,0.2468600779315258,3.873697932669237
Maize,35.380001,Madhya Pradesh,62230,30800,2116,Jabalpur,796.930001,14.9,1.11,13.790000000000001,0.0,3.566146716996195,2.7013612129514133,11.038592477563263,10.335269968961667,7.65728279297819,0.10436001532424286,2.6239436918052106
Maize,29.370001,Madhya Pradesh,18299,10688,575,Balaghat,945.309988,11.04,1.0,10.04,0.0,3.3799737792588767,2.401525040848949,9.814601692527686,9.276876895776427,6.354370040797351,0.0,2.306577114263583
Maize,1326.45,Madhya Pradesh,57518,20108,6518,Chhindwara,929.4757500000001,264.5,1.0,263.5,0.0,7.190261479689854,5.577841251298354,10.959853221275816,9.908873024812467,8.782322859397507,0.0,5.574053367981417
Maize,8.8400002,Madhya Pradesh,21631,10429,2037,Narsinghpur,794.97,6.0,1.0,5.0,0.0,2.1792868992739862,1.791759469228055,9.981882749963502,9.252345666121213,7.619233416226805,0.0,1.6094379124341003
Maize,462.56,Madhya Pradesh,48504,13250,1833,Seoni / Shivani,868.1099889999999,100.699997,1.34999999,99.34999701,0.0,6.1367762782680355,4.612145769933056,10.789401547751567,9.491752831414368,7.513709247839705,0.3001045850429306,4.598648938902204
Maize,113.89,Madhya Pradesh,11207,4172,136,Mandla,885.87001,48.5,1.0,47.5,0.0,4.7352330702862595,3.8815637979434374,9.324293862052029,8.336150816120663,4.912654885736052,0.0,3.8607297110405954
Maize,3.78,Madhya Pradesh,20399,17510,506,Sagar,841.0000097,4.5999999,1.0,3.5999999000000003,0.026945804,1.3297240096314962,1.5260562817559187,9.923241159022965,9.770527425279898,6.226536669287466,0.0,1.2809338176842862
Maize,9.7399998,Madhya Pradesh,10634,9534,115,Damoh,722.479992,6.0799999,1.0,5.0799999,0.0,2.2762410971205624,1.805004679530707,9.271811694064283,9.162619635764772,4.74493212836325,0.0,1.6253112419053508
Maize,1.79,Madhya Pradesh,8357,3862,98,Tikamgarh,579.700016,2.7,1.0,1.7000000000000002,0.0,0.5822156198526637,0.9932517730102834,9.030854790001436,8.258940462988459,4.584967478670572,0.0,0.5306282510621705
Maize,0.93000001,Madhya Pradesh,14565,11159,140,Chhatarpur,651.5999883,2.1,1.0,1.1,0.028967587,-0.07257068208214733,0.7419373447293773,9.586376669393536,9.320001626185702,4.941642422609304,0.0,0.09531017980432493
Maize,3.51,Madhya Pradesh,6615,4493,54,Panna,782.9400018,3.5999999,1.0,2.5999999,0.097995568,1.2556160374777743,1.2809338176842862,8.797095076549056,8.41027590907016,3.9889840465642745,0.0,0.9555114065658971
Maize,1.8200001,Madhya Pradesh,26124,11848,200,Rewa,736.419998,3.1800001,1.0,2.1800001,0.0,0.5988365560337574,1.1568812282386258,10.170609711022548,9.379914355947635,5.298317366548036,0.0,0.7793249226725563
Maize,100.02,Madhya Pradesh,10828,4735,39,Sidhi,753.210007,39.099998,1.0,38.099998,0.0,4.605370165990758,3.6661224158404235,9.289890650734192,8.462737005620179,3.6635616461296463,0.0,3.6402142296392155
Maize,7.29,Madhya Pradesh,29067,15084,353,Satna,677.6358089,5.1999998,1.0,4.1999998,0.077830968,1.986503546020567,1.6486585871258423,10.277358789053114,9.621389858378247,5.8664680569332965,0.0,1.4350844776702738
Maize,79.209999,Madhya Pradesh,10825,6431,163,Shahdol,713.678392,39.82,5.98,33.84,0.0,4.37210254085152,3.6843692986360503,9.28961355287069,8.768885326134862,5.093750200806762,1.7884205679625405,3.521643534738023
Maize,0.52999997,Madhya Pradesh,27042,12605,467,Gwalior,410.739987,1.2,1.0,0.19999999999999996,7.497097925,-0.6348783290397447,0.1823215567939546,10.205146491918704,9.44184883962202,6.1463292576688975,0.0,-1.6094379124341005
Maize,16.629999,Madhya Pradesh,19578,13081,371,Shivpuri,487.100002,7.5999999,1.0,6.5999999,0.234281321,2.8112082330725436,2.028148234134391,9.882161765821376,9.478916074688227,5.916202062607435,0.0,1.8870696338808646
Maize,87.57,Madhya Pradesh,29620,22561,315,Guna,652.689991,34.119999,1.0,33.119999,0.0,4.472438473534133,3.5298836933151545,10.29620508782179,10.023978030870751,5.752572638825633,0.0,3.500137299323822
Maize,2.52,Madhya Pradesh,21273,7790,249,Datia,410.900781,2.3,1.0,1.2999999999999998,7.39401972,0.9242589015233319,0.8329091229351039,9.965193941972107,8.960596138864794,5.517452896464707,0.0,0.2623642644674909
Maize,7.7600002,Madhya Pradesh,49982,18447,680,Morena,459.31,4.3199999,1.0,3.3199999,1.992025151,2.048982359968323,1.4632553791078706,10.819418219594727,9.82265703462158,6.522092798170152,0.0,1.1999647528079147
Maize,27.75,Madhya Pradesh,39595,20470,5622,Indore,731.3500099,13.2,1.01,12.19,0.046443486,3.3232358401924436,2.580216829592325,10.586458126644512,9.926715678655334,8.634442751466477,0.009950330853168092,2.5006159434931803
Maize,162.0,Madhya Pradesh,35385,17110,4806,Ratlam,811.899987,56.5,1.31,55.19,5.433769244,5.087596335232384,4.034240638152395,10.474043280509886,9.747418366886238,8.477620416296414,0.2700271372130602,4.01078177745141
Maize,8.2200003,Madhya Pradesh,42030,30956,5569,Ujjain,798.9799901,7.46,1.0,6.46,8.159691036,2.106570245564438,2.0095554142156695,10.646138927999163,10.34032212039035,8.624970783589669,0.0,1.8656293177945105
Maize,239.17999,Madhya Pradesh,43079,20401,6526,Mandsaur,933.990002004,74.080002,1.0,73.080002,9.485868506,5.477216364731144,4.305145617335763,10.670790918373239,9.923339198238729,8.783549477153265,0.0,4.291554758877075
Maize,40.029999,Madhya Pradesh,27680,15628,3499,Dewas,651.7000102,14.3,1.0,13.3,1.117636308,3.6896291480232177,2.6602595372658615,10.228465409731605,9.656819456174961,8.160232492367689,0.0,2.5877640352277083
Maize,274.32999,Madhya Pradesh,66096,32417,7376,Dhar,750.01,84.900002,4.99,79.910002,0.253968898,5.614331724814405,4.441474116874428,11.098863509636546,10.386438255536065,8.90598676523643,1.6074359097634274,4.380901026414528
Maize,324.26999,Madhya Pradesh,31046,8329,1223,Jhabua,856.599989,116.22,14.06,102.16,0.118634386,5.781576471257722,4.755484946646959,10.343225254586388,9.02749867993534,7.109062135687172,2.643333886382519,4.626540211724284
Maize,42.639999,Madhya Pradesh,63904,34186,1417,Sehore,808.7699897,18.120001,1.0,17.120001,0.0,3.752792756405431,2.8970163558024695,11.065137236215541,10.439571482516213,7.256297239690681,0.0,2.840247429124809
Maize,11.49,Madhya Pradesh,40839,23884,876,Raisen,861.590001,7.9200001,1.0,6.9200001,0.0,2.4414770918606643,2.069391218452597,10.617392786180583,10.080964057666883,6.775366090936392,0.0,1.9344157840804452
Maize,16.27,Madhya Pradesh,23628,20800,801,Vidisha,793.8000098,7.6199999,1.0,6.6199999,0.0,2.7893229212309465,2.030776356575195,10.070187728427126,9.94270826568941,6.68586094706836,0.0,1.8900953548431765
Maize,318.20001,Madhya Pradesh,32640,10643,1553,Betul,705.200002,81.050003,1.0,80.050003,0.0,5.762680147330462,4.395066285195873,10.393293809078044,9.272657678041044,7.347943823148687,0.0,4.382651476919301
Maize,201.33,Madhya Pradesh,35199,21501,1209,Rajgarh,759.28002,64.91,1.0,63.91,0.0,5.304945352838257,4.173001695045377,10.468772952091733,9.975854724662028,7.097548850614793,0.0,4.157475843662191
Maize,72.730003,Madhya Pradesh,27278,21798,3008,Shajapur,757.5600201,23.42,1.0,22.42,0.0,4.286753995414902,3.1535903581695712,10.21383579548682,9.989573501449257,8.00903068506973,0.0,3.109953417644014
Maize,113.58,Madhya Pradesh,87707,51050,5087,Hoshangabad,853.02,36.25,2.1799999000000003,34.0700001,0.0,4.732507434449286,3.590439381300684,11.381756992734886,10.840560823592812,8.534443544822764,0.779324830929437,3.5284172346080087
Maize,279.5,Andhra Pradesh,55301,19214,13016,Srikakulam,789.180004,52.91,32.614999999999995,20.295,0.0,5.633002292595154,3.9685923569160404,10.920546270529568,9.863394458969683,9.473934648898874,3.4847723052480593,3.010374550290861
Maize,145.24001,Andhra Pradesh,48118,9836,7491,Visakhapatnam,755.9599900000001,26.82,12.145,14.675,0.058204873,4.978387615397689,3.2891478778535324,10.781411606465092,9.193804403336083,8.921457578947884,2.496917562454136,2.68614536571416
Maize,111.51,Andhra Pradesh,84246,30862,28384,East Godavari,924.49415,12.8,12.26,0.5400000000000009,0.0,4.7141142729772705,2.5494451709255714,11.341496369342698,10.33728093263115,10.253580885109306,2.506341930508065,-0.6161861394238153
Maize,427.35999,Andhra Pradesh,106191,49578,46863,West Godavari,860.0089499999999,60.43,60.43,0.0,0.0,6.057626725962175,4.101485670373467,11.572994638436139,10.81130246592924,10.754983730499118,4.101485670373467,-23.025850929940457
Maize,189.85001,Andhra Pradesh,84529,39105,20768,Krishna,705.049998,29.83,26.66,3.169999999999998,11.94890312,5.246234339350973,3.395514598526657,11.344849949733513,10.574005615035713,9.941168619503816,3.2831643147505627,1.1537315878891887
Maize,674.81,Andhra Pradesh,173584,89900,25004,Guntur,600.920012,67.400002,67.002998,0.39700399999999547,16.86394141,6.5144311697677,4.210645047591852,12.064416911062231,11.406453220459712,10.126791091051704,4.204737364658539,-0.9238089227789656
Maize,49.130001,Andhra Pradesh,98386,38207,20817,S.P.S. Nellore,561.730001,8.690000099999999,8.377999800000001,0.31200029999999757,10.1296106,3.894469866534719,2.1621729507847802,11.49665379649533,10.550774023880454,9.94352523956766,2.125609198652797,-1.1647511296346633
Maize,304.70999,Andhra Pradesh,140564,80498,24777,Kurnool,451.870002,56.509998,31.459,25.050998000000003,12.74332121,5.71936047180143,4.034417578249785,11.853418180054248,11.295987618377522,10.117671082478827,3.4486851107295107,3.2209136670566307
Maize,91.580002,Andhra Pradesh,38288,26127,12070,Ananthapur,558.2800070000001,24.27,10.8199997,13.4500003,12.34188169,4.517212929067779,3.18924101973851,10.552891810148154,10.17072454136085,9.398478314091577,2.3813962456919024,2.5989791283526804
Maize,38.349998,Andhra Pradesh,47161,24126,12776,Kadapa YSR,631.950002,4.3699999,4.27,0.09999990000000025,4.378520281,3.6467544756620254,1.4747629862242033,10.761322558837014,10.09104537612533,9.455323689894849,1.451613827240533,-2.302586092994543
Maize,13.86,Andhra Pradesh,43320,15960,8962,Chittoor,579.100001,3.5,2.8,0.7000000000000002,2.652205203,2.6290069937617573,1.252762968495368,10.676369701114927,9.6778408710038,9.100748695346088,1.0296194171811581,-0.3566749439387321
Maize,196.60001,Telangana,29965,15280,10357,Hyderabad,1086.69,77.660004,2.05,75.610004,0.0,5.281171258577765,4.352340375810087,10.307785312892285,9.634300062720511,9.24541789858888,0.7178397931503168,4.325588602473232
Maize,383.45001,Telangana,93054,30033,11208,Nizamabad,820.90002,72.489998,27.34,45.149998,1.724911466,5.949209260289887,4.283448593722774,11.440935248787508,10.310052056087594,9.324383088016843,3.3083508312958037,3.8099902355662048
Maize,360.14999,Telangana,13194,8958,2670,Medak,895.56001,103.9,6.9899998,96.91000020000001,1.005789909,5.886520583569163,4.6434288981051814,9.487517459782817,9.100302266767246,7.8898337513942955,1.9444805276334152,4.573782714810229
Maize,317.10999,Telangana,74046,35010,8556,Mahabubnagar,711.1037600000001,139.08,1.18000001,137.89999999000003,17.58192712,5.759248685305385,4.935049307139661,11.212441800681239,10.463389013948712,9.054388070202297,0.1655144469521497,4.92652878472674
Maize,6.0700002,Telangana,33043,14763,5605,Nalgonda,688.8600200000001,2.7199999999999998,1.039999999,1.6800000009999998,15.80632803,1.8033586380203355,1.000631880307906,10.405565022544408,9.599879329534089,8.63141433550626,0.039220712191742786,0.5187937940104055
Maize,674.20001,Telangana,122203,31481,16202,Warangal,900.51,104.07,25.24,78.83,15.99849189,6.513526817632354,4.6450637496497675,11.713438875336454,10.357139468227567,9.692889970390437,3.228430037673012,4.367293635071817
Maize,251.82001,Telangana,15181,8795,3643,Khammam,855.19999,41.990002,28.16,13.830001999999997,31.33744182,5.528714586284458,3.737431542326489,9.627799924932715,9.081938657171658,8.200562797008564,3.3379025312898416,2.626840290289816
Maize,336.79999,Telangana,12532,5973,1849,Karimnagar,730.300001,66.360001,15.48,50.88000099999999,11.12488977,5.81948925267696,4.195094480391562,9.436040652072082,8.695004592732307,7.522400231387125,2.739548868161581,3.9294699386859544
Maize,225.94,Telangana,59648,13502,6270,Adilabad,718.500009,31.18,2.13,29.05,0.454825911,5.420269477298783,3.4397768636296306,10.996215898045262,9.510593101601815,8.743531633626967,0.7561219797213337,3.3690184832979204
Maize,61.27,Karnataka,37554,15679,5330,Bangalore,799.4599900000001,13.76,3.05,10.71,0.0,4.115290326737563,2.6217658325051976,10.533535176152757,9.66007751636045,8.58110651715989,1.1151415906193203,2.3711778844596574
Maize,265.20001,Karnataka,29931,18362,7165,Kolar,807.569999,60.610001,12.55,48.060001,0.086816909,5.5804842960190975,4.104459912462121,10.306650011581617,9.818038590703646,8.876963340262272,2.529720665577793,3.8724502511156467
Maize,58.93,Karnataka,24548,13290,6346,Tumkur,656.9100109999999,21.120001,3.8299999,17.290001099999998,1.0458634,4.076350298849822,3.050220506186544,10.108385663508988,9.494767151707292,8.75557997214314,1.3428647770828936,2.850128363315787
Maize,330.54001,Karnataka,46920,23006,18188,Mysore,566.419997,79.599998,19.85,59.749998,0.949660522,5.800727710966204,4.3770140677247085,10.756199302767412,10.043510330455955,9.8085173149449,2.9882040071331994,4.090169157338816
Maize,31.66,Karnataka,49044,13855,9299,Mandya,559.229993,11.29,8.5900002,2.6999997999999987,0.102585889,3.4550540544528663,2.4239173781615704,10.800473133352277,9.536401457297078,9.137662146478197,2.1505987592790508,0.9932516989362061
Maize,527.89001,Karnataka,32894,19091,15439,Hassan,674.499999,83.849998,5.7399998,78.1099982,0.025147948,6.268887947611865,4.429029464417101,10.401045549301214,9.856972298794659,9.644652054641927,1.747459175488269,4.358118066577782
Maize,1150.42,Karnataka,63447,36388,13890,Chitradurga,536.559998,271.29999,29.58,241.71999,5.517792473,7.047882372072962,5.60322518280532,11.05796019070086,10.501994328941953,9.53892443574839,3.3870984572826535,5.487779990123177
Maize,376.54001,Karnataka,70669,37463,13491,Bellary,614.290001,98.82,31.200001,67.61999899999999,6.439305471,5.931024309854169,4.593300013417604,11.165762283308853,10.531109058215867,9.509778075438817,3.440418126866718,4.213903782491216
Maize,989.38,Karnataka,62588,31066,12903,Dharwad,505.929997,252.61,56.900002,195.709998,63.78398811,6.897078484318022,5.531846797414664,11.044328845421948,10.343869252547853,9.465215121451847,4.04129537628167,5.276633961497676
Maize,623.10999,Karnataka,92878,39229,33264,Belgaum,560.049988,142.2,95.720001,46.47999899999999,16.50813143,6.434723052161181,4.95723451736914,11.439042082978863,10.57717154818281,10.412231010097795,4.56142727348731,3.8390220910290256
Maize,463.19,Karnataka,73977,37407,23520,Bijapur / Vijayapura,652.779997,114.44,105.61,8.829999999999998,32.51771844,6.138137337079281,4.74005066818191,11.211509513063804,10.529613131664696,10.065606402012563,4.659753063758383,2.1781550146158684
Maize,3.03,Karnataka,10275,8497,2388,Bidar,911.529999,1.87,1.15000001,0.71999999,2.144761905,1.1085626195212777,0.6259384308664954,9.237469039364436,9.047468439003541,7.778211474512493,0.1397619510708109,-0.328504080860925
Maize,235.99001,Karnataka,115832,62617,22756,Raichur,685.359999,66.339996,19.540001,46.799994999999996,40.20297263,5.4637894736211745,4.194792973223457,11.659896144461257,11.044792085716162,10.032584125870539,2.9724636977917083,3.845883096085988
Maize,8.46,Karnataka,70290,46001,12551,Gulbarga / Kalaburagi,874.670022,3.28,1.89999998,1.3800000199999998,14.96447745,2.135349173618132,1.1878434223960523,11.16038482016995,10.736418414365376,9.437555622660446,0.641853875646079,0.32208351366186666
Maize,0.02,Karnataka,9700,6090,9147,Dakshina Kannada,1651.45998,1.01,1.01,0.0,0.02462354,-3.912023005428146,0.009950330853168092,9.179881164491475,8.714403360703942,9.121181235656364,0.009950330853168092,-23.025850929940457
Maize,53.790001,Karnataka,8781,4050,3845,Uttara Kannada,944.58999,10.8699999,2.0300000000000002,8.839999899999999,0.370385583,3.985087594875967,2.386006691933486,9.080345575359996,8.306472160100585,8.254528881939745,0.7080357930536961,2.1792868653373345
Maize,26.74,Karnataka,19657,11983,13550,Kodagu / Coorg,721.820012,4.5599999,1.0,3.5599999,0.0,3.286160571673797,1.51732260159647,9.8861887879578,9.391244257682517,9.514141826307847,0.0,1.269760516774051
Maize,285.42999,Tamil Nadu,85137,31903,28361,South Arcot / Cuddalore,337.709995,38.720001,2.8810000000000002,35.839001,21.8151964,5.6539967801108055,3.6563562882348224,11.35201700267959,10.370455328238235,10.2527702409553,1.0581374561023915,3.5790367138343173
Maize,43.830002,Tamil Nadu,68430,23100,18324,North Arcot / Vellore,730.030002,6.3699999,6.3699999,0.0,1.069750348,3.780318560061563,1.8515994538854847,11.133566603946543,10.047587896509885,9.815966955006633,1.8515994538854847,-23.025850929940457
Maize,475.72,Tamil Nadu,46708,30730,23106,Salem,517.300001,52.959999,14.776,38.183999,1.03138624,6.164829445859045,3.9695368927465773,10.751670735195605,10.33299465512453,10.047847603042964,2.6930042428969387,3.6424165535146154
Maize,160.97,Tamil Nadu,26117,14250,21215,Coimbatore,470.045083,19.09,1.009,18.081,7.470587913,5.081218012218138,2.949164637737656,10.17034172227647,9.564512185696797,9.962463757636426,0.008959741371471801,2.8948616631690167
Maize,863.84003,Tamil Nadu,68490,25236,26076,Tiruchirapalli / Trichy,351.4700034,89.690002,1.050999999,88.63900200100001,12.34029691,6.76138760119863,4.496359302428941,11.134443028191951,10.1360268254907,10.16877063004443,0.049742090943339354,4.484571963921601
Maize,79.519997,Tamil Nadu,70852,27786,27935,Thanjavur,482.118082,11.17,1.017999999,10.152000001,49.72568708,4.37600852462196,2.413231613081109,11.168348473372488,10.232287575708806,10.237635661893249,0.017839917146012664,2.317670730510589
Maize,362.97,Tamil Nadu,34392,15902,13182,Madurai,349.6900009,43.880001,1.01,42.870001,31.60176581,5.8943201862214964,3.781458658196455,10.445579258176117,9.674200166461429,9.486607541612665,0.009950330853168092,3.758172303936221
Maize,155.03999,Tamil Nadu,40673,6659,3086,Ramananthapuram,160.45000102,25.82,1.103,24.717,55.34157079,5.04368308364297,3.2511493854184965,10.613319760626345,8.803724602110622,8.034631032923107,0.0980337402713654,3.2074912660015626
Maize,164.23,Tamil Nadu,27878,10765,7054,Thirunelveli,260.31999559999997,45.82,1.025,44.795,18.40676124,5.101267884349469,3.8247206770253497,10.235593126289832,9.284055409798464,8.861350110795998,0.024692612590371414,3.802096526049542
Maize,0.039999999,Tamil Nadu,9769,3667,2443,Kanyakumari,439.090001,1.0,1.0,0.0,0.311027623,-3.218875849868201,0.0,9.186969385652942,8.207129168071326,7.8009820712577405,0.0,-23.025850929940457
Maize,384.39999,Maharashtra,74311,30280,28300,Dhule,227.130001,124.93,1.0,123.93,1.993371106,5.951683651081569,4.827753580443738,11.21601426819998,10.318242707551384,10.25061708363133,0.0,4.819716890076783
Maize,723.5,Maharashtra,96772,47696,74158,Jalgaon,740.7299929999999,203.67,1.0,202.67,11.39637414,6.5841005460715385,5.316501036981665,11.480112975223678,10.772602815917853,11.213953231159785,0.0,5.311579040531222
Maize,241.89999,Maharashtra,105164,66273,41883,Ahmednagar,1647.17003,79.379997,1.0,78.379997,2.882446944,5.488524376276584,4.374246409562024,11.56327631539695,11.101537853410294,10.642635295656758,0.0,4.361568754496415
Maize,146.60001,Maharashtra,97238,48290,34456,Pune,4030.45996,48.330002,1.0,47.330002,1.139323747,4.987707857665373,3.878052527239156,11.484916860550916,10.784979778867587,10.447438426733946,0.0,3.8571443861746526
Maize,98.099998,Maharashtra,49264,25804,19926,Satara,4369.61,34.990002,1.0,33.990002,0.486302781,4.585987346183957,3.5550623635387835,10.804948870164282,10.158284797652133,9.899780690604802,0.0,3.5260664225488583
Maize,142.2,Maharashtra,54620,27950,24678,Sangli,2081.18002,59.779999,1.0,58.779999,3.064618315,4.95723451736914,4.090671140127789,10.908155395027697,10.238172478583245,10.11366743745848,0.0,4.0738016439781815
Maize,156.12,Maharashtra,101756,49267,38343,Solapur,1031.2599799999998,76.809998,1.0,75.809998,3.721281441,5.050624942312414,4.341334813972314,11.530333069625263,10.805009764705105,10.554327260799823,0.0,4.328230183686468
Maize,30.4,Maharashtra,70996,31024,30580,Kolhapur,3292.74002,11.44,1.0,10.44,1.226774015,3.414442608412176,2.437115985951652,11.170378816408236,10.342516377482433,10.328101479483053,0.0,2.3456445824544927
Maize,228.3,Maharashtra,136182,72462,41774,Aurangabad,717.77697,113.65,1.0,112.65,0.870511425,5.43066055353575,4.7331235502985525,11.821747505373525,11.19081756550343,10.640029415415263,0.0,4.724285666878253
Maize,4.71,Maharashtra,52514,39238,16574,Parbhani,730.820001,6.6300001,1.0,5.6300001,0.0,1.5496879080283263,1.8916048192807273,10.868835079697146,10.577400943980773,9.715590481408988,0.0,1.7281094599135882
Maize,36.32,Maharashtra,60321,41388,21125,Beed,768.990012,49.830002,1.0,48.830002,0.0,3.5923685537330927,3.908617252429776,11.007435580793757,10.630746262724841,9.958212452225375,0.0,3.8883449190319954
Maize,10.3,Maharashtra,75364,56691,30042,Nanded,923.3700100000001,7.1500001,1.0,6.1500001,0.23905484,2.33214389523559,1.9671123706919302,11.230084986397891,10.94537074695815,10.310351681558,0.0,1.816452098078589
Maize,31.299999,Maharashtra,57017,50445,19119,Osmanabad,702.369999,41.34,1.0,40.34,0.061651055,3.4436180655972253,3.7218305542536223,10.95110474796434,10.82863891284248,9.858437883982404,0.0,3.697343532526066
Maize,88.800003,Maharashtra,46834,37943,13656,Buldhana,312.000006,40.599998,1.0,39.599998,2.436014768,4.486386683781908,3.703768017346602,10.754364713861957,10.543840312582256,9.521934264474277,0.0,3.678829067755383
Maize,2.5,Maharashtra,34359,30699,10789,Akola,270.3952281,2.15,1.0,1.15,7.86291722,0.9162907318741551,0.7654678421395714,10.444619272065825,10.331985359754865,9.28628237555134,0.0,0.13976194237515863
Maize,18.799999,Maharashtra,35041,25616,13467,Amarawati,466.230013,9.0200005,1.0,8.0200005,7.95235118,2.9338568166444126,2.1994443895069034,10.464274083455889,10.150972435236495,9.507997527450042,0.0,2.081938484222561
Maize,0.1,Maharashtra,30404,21073,16426,Wardha,795.779981,1.23,1.0,0.22999999999999998,0.0,-2.3025850929940455,0.20701416938432612,10.322329457685932,9.955747879197213,9.706620724300137,0.0,-1.4696759700589417
Maize,0.25,Maharashtra,50667,30322,10873,Nagpur,946.1899980000001,1.5099999899999998,1.0,0.5099999899999998,0.0,-1.3862943611198906,0.4121096442043163,10.83303009008603,10.319628800641526,9.29403793099775,0.0,-0.6733445728716092
Maize,0.33000001,Maharashtra,39166,17288,2044,Bhandara,909.27999,1.7400000100000002,1.0,0.7400000100000002,0.0,-1.1086625942185813,0.5538851189735642,10.575564302476781,9.757767898186723,7.622663951323595,0.0,-0.30110507927040797
Maize,5.4699998,Maharashtra,56306,27211,6878,Chandrapur,843.75,3.3699999,1.0,2.3699999,0.028132066,1.6992785798708179,1.2149127146906793,10.938556380385453,10.211376582296397,8.83608319099221,0.0,0.862889912952946
Maize,2.54,Gujarat,94632,24161,2928,Ahmedabad,578.03818418,2.15,2.15,0.0,83.01628856,0.9321640810304452,0.7654678421395714,11.457750964225573,10.092495041920655,7.982074875081202,0.7654678421395714,-23.025850929940457
Maize,14.93,Gujarat,120126,36046,12799,Banaskantha,992.529998,8.7399998,5.3000002,3.4399995999999993,71.26614624,2.703372611551099,2.1679101667841487,11.696296470899755,10.49255117955275,9.457122321855792,1.6677068582939245,1.2354713551062302
Maize,12.94,Gujarat,45972,10291,10661,Bharuch,777.769997,9.0500002,2.2,6.850000199999999,47.63096805,2.5603232890727545,2.202764779811282,10.73578779448865,9.239025005836092,9.274347501950475,0.7884573603642703,1.9242486814712136
Maize,122.83,Gujarat,77898,14371,8959,Vadodara / Baroda,592.030008,53.849998,27.1,26.749997999999998,4.29097786,4.810801285551003,3.9862023664621926,11.263155557588309,9.572967566074247,9.100413892597578,3.299533727885655,3.2865343985756574
Maize,0.029999999,Gujarat,62843,29291,5417,Bhavnagar,571.2131469999999,1.01,1.0,0.010000000000000009,44.3074253,-3.5065579306533157,0.009950330853168092,11.048394831522833,10.285035580584145,8.597297435657898,0.0,-4.605170185988091
Maize,0.81999999,Gujarat,31633,10840,9019,Valsad,2209.47011,1.38999999,1.38999999,0.0,2.452587927,-0.19845095091896026,0.3293037399483557,10.361956158466594,9.290998274993637,9.107088742165708,0.3293037399483557,-23.025850929940457
Maize,1.74,Gujarat,46817,29139,4865,Jamnagar,689.77998,1.88,1.69999999,0.18000000999999988,17.3893176,0.5538851132264376,0.6312717768418578,10.754001663810453,10.27983276207044,8.489821994620105,0.5306282451798174,-1.7147983725363733
Maize,0.63,Gujarat,64706,33437,7048,Junagadh,0.0,1.43000001,1.30000001,0.13000000000000012,16.38507966,-0.4620354595965587,0.35767445126482295,11.077609211892549,10.417418350255533,8.860499167616016,0.2623642721597987,-2.0402208285265537
Maize,16.709999,Gujarat,128342,16619,7165,Kheda,530.999441736,12.3,4.2360001,8.0639999,8.393974429,2.816007282762896,2.509599262378372,11.762453854789129,9.718301898127523,8.876963340262272,1.4436194513463363,2.0874096989282194
Maize,0.75999999,Gujarat,108519,54681,12824,Rajkot,812.6243984,1.34,1.30000001,0.039999990000000096,0.471389363,-0.2744368588596552,0.29266961396282004,11.594680551839147,10.909271578893042,9.459073694289389,0.2623642721597987,-3.2188760748682297
Maize,117.18,Gujarat,81747,23767,14109,Sabarkantha,798.430016,57.09,16.1,40.99,0.074435133,4.7637112141166424,4.044628969976168,11.311384390838432,10.076053342881366,9.554568170613157,2.7788192719904172,3.7133281345162463
Maize,7.5999999,Gujarat,80074,30311,27213,Surat,1051.6600290000001,4.3299999,4.3299999,0.0,17.13575214,2.028148234134391,1.46556751891971,11.290706486107153,10.319265961919356,10.211450079283054,1.46556751891971,-23.025850929940457
Maize,0.01,Gujarat,83525,31749,2648,Surendranagar,874.5100019998,1.0,1.0,0.0,47.37891282,-4.605170185988091,0.0,11.332901267224956,10.365616507761834,7.881559917056899,0.0,-23.025850929940457
Maize,29.32,Rajasthan,10572,6290,62,Ajmer,478.40000001000004,24.370001,1.75,22.620001,27.88060649,3.3782698770184507,3.193352908671172,9.26596427572418,8.746716349694486,4.127134385045092,0.5596157879354227,3.1188345148966383
Maize,5.7800002,Rajasthan,37580,5713,1337,Alwar,531.41001003,4.279999999999999,1.31999999,2.9600000099999995,0.81667436,1.7544037172863616,1.4539530095937052,10.534227272967456,8.650499558724462,7.198183577101943,0.2776317290225218,1.0851892717143472
Maize,212.82001,Rajasthan,32995,5817,500,Banswara,53.23000109,126.13,14.629,111.50099999999999,0.0,5.360446785001649,4.837313121099101,10.404111313817522,8.668539943910762,6.214608098422191,2.683005859995949,4.714033559469821
Maize,0.029999999,Rajasthan,12912,2366,281,Barmer,704.18000899,1.01,1.01,0.0,1.063863302,-3.5065579306533157,0.009950330853168092,9.46591239050973,7.768956044538332,5.638354669333745,0.009950330853168092,-23.025850929940457
Maize,361.78,Rajasthan,22307,5226,239,Bhilwara,522.18000103,159.94,3.79,156.15,49.76963879,5.891036292273489,5.0747987449037435,10.012655809536781,8.561401446080557,5.476463551931511,1.332366019094335,5.050817083729088
Maize,79.260002,Rajasthan,40163,12315,382,Bundi,504.45999901,23.940001,1.89999998,22.04000102,0.45908667,4.372733612995698,3.1755507419009206,10.600701452770835,9.418573310554638,5.945420608606575,0.641853875646079,3.0928590305642043
Maize,352.29999,Rajasthan,45171,17017,1479,Chittorgarh,563.1800060300001,121.76,1.109,120.65100000000001,0.395399888,5.8644830569622926,4.802051894113376,10.718210566991154,9.741968123371437,7.2991214627108,0.10345870836822997,4.792902080474321
Maize,70.309998,Rajasthan,6142,858,73,Dungarpur,63.1800017,62.450001,1.19,61.260001,0.0,4.252914007765614,4.134366252584397,8.722905701000768,6.754604099487962,4.290459441148391,0.17395330712343798,4.115127117728495
Maize,0.14,Rajasthan,137173,58094,5526,Ganganagar,434.94001,1.07,1.07,0.0,2.28452903,-1.9661128563728327,0.06765864847381486,11.828998181904723,10.969817667283515,8.617219505483362,0.06765864847381486,-23.025850929940457
Maize,2.5999999,Rajasthan,60575,22655,1213,Jaipur,341.079995,2.99,1.31,1.6800000000000002,11.70924672,0.9555114065658971,1.095273387402595,11.011637545684726,10.028135857101239,7.10085190894405,0.2700271372130602,0.5187937934151676
Maize,0.07,Rajasthan,29682,6176,1501,Jalore,1351.88000199,1.029999999,1.02,0.009999998999999926,23.49586326,-2.659260036932778,0.02955880127067056,10.298296080455764,8.728426091704613,7.313886831633462,0.01980262729617973,-4.605170285988104
Maize,140.92,Rajasthan,30476,14084,346,Jhalawar,698.42000003,46.990002,1.0,45.990002,0.072560402,4.948192353473037,3.849934855676971,10.3246947675929,9.552794680274943,5.846438775057725,0.0,3.828424025039546
Maize,0.01,Rajasthan,35672,17058,1783,Jodhpur,260.60999803,1.0,1.0,0.0,1.93776392,-4.605170185988091,0.0,10.482121346307313,9.744374580879056,7.48605261786314,0.0,-23.025850929940457
Maize,71.269997,Rajasthan,82586,36328,1863,Kota,534.17999101,25.290001,1.0,24.290001,0.214777129,4.266475439420331,3.2304091002231936,11.321595453618334,10.500344072777787,7.529943370601589,0.0,3.190064784183286
Maize,0.050000001,Rajasthan,24470,13532,1394,Nagaur,326.380004,1.02,1.02,0.0,2.442048603,-2.995732253553991,0.01980262729617973,10.105203156436717,9.512812529900598,7.2399325913204695,0.01980262729617973,-23.025850929940457
Maize,9.5900002,Rajasthan,13748,11119,604,Pali,589.85000803,13.78,1.18000001,12.599999989999999,53.93162343,2.260720909750404,2.6232182655855123,9.528648637969724,9.31641063570325,6.403574197934815,0.1655144469521497,2.5336968131637816
Maize,0.77999997,Rajasthan,39972,12592,332,Swami Madhopur,353.45000389999996,1.38,1.0,0.3799999999999999,0.215189671,-0.24846139776003884,0.3220834991691132,10.59593448798168,9.440816970657185,5.805134968916488,0.0,-0.9675840262617059
Maize,0.86000001,Rajasthan,14531,4303,406,Sirohi,1347.299999,21.42,1.02,20.400000000000002,7.913595042,-0.1508228781066767,3.064325065019603,9.584039577320695,8.3670677328386,6.0063531596017325,0.01980262729617973,3.0155349008501706
Maize,32.18,Rajasthan,22553,9945,209,Tonk,389.53999899999997,8.320000199999999,1.07,7.250000199999999,2.490306499,3.471345141564237,2.1186622788715783,10.02362337377611,9.204825191288073,5.342334251964811,0.06765864847381486,1.9810014964527898
Maize,393.48999,Rajasthan,34494,10333,2659,Udaipur,304.11001201,241.94,1.28200001,240.65799999,0.189476333,5.975055629160327,5.4886897615317025,10.448540674851346,9.243097936214355,7.88570539124302,0.24842136629879025,5.483376838454417
Maize,21.0,Punjab,87626,16847,2293,Gurdaspur,13.529999999000001,10.0,1.70999998,8.29000002,0.115601796,3.044522437723423,2.302585092994046,11.38083303653996,9.731927878386204,7.737616282857904,0.536493358818662,2.115049971559749
Maize,5.0,Punjab,137546,37153,5623,Amritsar,20.370000999800002,3.0,3.0,0.0,2.620032594,1.6094379124341003,1.0986122886681098,11.831713685595455,10.522799800586712,8.634620608292202,1.0986122886681098,-23.025850929940457
Maize,11.0,Punjab,43368,6625,2281,Kapurthala,40.159999999,3.0,2.4299999000000003,0.5700000999999997,13.36971351,2.3978952727983707,1.0986122886681098,10.677477120940175,8.798605650854423,7.732369222284388,0.887891216200193,-0.5621187427149607
Maize,48.130001,Punjab,84815,29066,4517,Jalandhar,36.71999798980001,11.88,11.768,0.1120000000000001,0.0,3.87390570409208,2.474856313934499,11.348227692929823,10.277324385186116,8.415603335654604,2.4653839832991364,-2.1892564076870418
Maize,209.87,Punjab,55772,21295,3397,Hoshiarpur,25.449999978799998,60.119999,50.941002,9.178997000000003,5.393188916,5.3464882914093295,4.096342548251374,10.929027230314912,9.966227582357314,8.130647968160584,3.9306681395580907,2.2169179394039125
Maize,103.5,Punjab,27850,8908,2929,Roopnagar / Ropar,13.569999990000001,26.0,6.6100001,19.3899999,4.353522972,4.639571612705423,3.258096538021482,10.23458824535543,9.094705028377259,7.982416346827733,1.8885836689921878,2.964757464097263
Maize,4.0,Punjab,167082,26004,2370,Ludhiana,6.2999998898,2.0,2.0,0.0,0.650642988,1.3862943611198906,0.6931471805599453,12.02623998885309,10.16600565132436,7.7706452341291765,0.6931471805599453,-23.025850929940457
Maize,4.0,Punjab,234282,61477,8041,Ferozpur,14.12999998,2.0,2.0,0.0,1.093388217,1.3862943611198906,0.6931471805599453,12.36428079696086,11.026418400105413,8.99230873254815,0.6931471805599453,-23.025850929940457
Maize,16.5,Punjab,158811,21365,6382,Patiala,11.085099862,5.0,5.0,0.0,3.11327832,2.803360380906535,1.6094379124341003,11.97547009491756,9.969509348078125,8.76123680683819,1.6094379124341003,-23.025850929940457
Maize,15.0,Haryana,110935,24676,5835,Ambala,460.727385,6.1999998,2.0,4.1999998,0.0,2.70805020110221,1.8245492597929809,11.616699723186683,10.113586390329528,8.671629544720656,0.6931471805599453,1.4350844776702738
Maize,4.0,Haryana,119225,31168,3532,Rohtak,331.032145,1.80000001,1.80000001,0.0,23.60847211,1.3862943611198906,0.5877866704576745,11.688767743166425,10.347147206442262,8.16961956172385,0.5877866704576745,-23.025850929940457
Maize,13.38,Uttar Pradesh,74705,22791,3929,Saharanpur,592.29,9.1700001,1.634,7.536000099999999,26.1007569,2.5937610547000824,2.215937297173499,11.221302303285185,10.034121000171332,8.27614021955846,0.49103099643781106,2.0196915505437008
Maize,0.2,Uttar Pradesh,61628,22361,4033,Muzaffarnagar,448.320003,1.12,1.112,0.008000000000000007,0.0,-1.6094379124341003,0.11332868530700327,11.028871591701666,10.015073648988146,8.302265794873367,0.10616019582839072,-4.828313737302301
Maize,4.0799999,Uttar Pradesh,126304,42423,8036,Meerut,439.509997,2.76,1.97799999,0.7820000099999997,0.0,1.4060969639062662,1.0152306797290584,11.746446978462574,10.655445946975886,8.991686725934825,0.6820862281449086,-0.24590052564910259
Maize,110.47,Uttar Pradesh,75318,29161,6014,Buland Shahar,586.01001,45.279999,38.146,7.133998999999996,53.79720919,4.704743990884184,3.8128654118101215,11.229474429046263,10.280587479087396,8.701845363548474,3.641420902954235,1.964871946762874
Maize,56.84,Uttar Pradesh,147208,53176,14941,Aligarh,479.83999,22.940001,21.166,1.7740009999999984,63.80477885,4.0402403032289,3.1328821552932027,11.89960183162621,10.881362445721418,9.611864390851085,3.0523961206715327,0.5732374475850859
Maize,0.41999999,Uttar Pradesh,79175,27861,4306,Mathura,305.649994,1.15000001,1.15000001,0.0,52.17909284,-0.8675005915142472,0.1397619510708109,11.27941587140684,10.234983140444118,8.367764677924308,0.1397619510708109,-23.025850929940457
Maize,7.3800001,Uttar Pradesh,136016,50349,22334,Agra,245.96999799999998,3.6400001,3.6400001,0.0,17.90256009,1.9987736521625166,1.2919837091211763,11.82052780485714,10.826734036976289,10.013865460005738,1.2919837091211763,-23.025850929940457
Maize,140.49001,Uttar Pradesh,83825,33051,4412,Mainpuri,548.679991,46.709999,46.101002,0.6089970000000022,83.43302191,4.945136383043001,3.8439582531053245,11.33648657133443,10.405807102008175,8.392083380373393,3.830834685124311,-0.49594193739274406
Maize,145.03999,Uttar Pradesh,71089,28153,5522,Etah,440.159997,57.52,57.52,0.0,77.89130485,4.977009497500096,4.052132713412791,11.171687892148547,10.245409199825508,8.6164953924901,4.052132713412791,-23.025850929940457
Maize,0.57999998,Uttar Pradesh,61248,18465,3575,Bareilly,826.240009,1.25999999,1.215,0.04499998999999999,12.03570477,-0.5447272099244312,0.23111171302687872,11.022686474812627,9.823632327286663,8.181720455128108,0.19474407679251185,-3.1010930114340645
Maize,23.450001,Uttar Pradesh,70074,24426,4650,Budaun,654.770011,11.44,11.44,0.0,29.65036509,3.1548705375362105,2.437115985951652,11.15730710550662,10.103403417731034,8.444622498581403,2.437115985951652,-23.025850929940457
Maize,12.08,Uttar Pradesh,77372,21815,4821,Moradabad,897.1,6.6399999,6.6399999,0.0,0.0,2.4915511925066687,1.8931119484281014,11.256380237021988,9.99035308555771,8.480736654405622,1.8931119484281014,-23.025850929940457
Maize,4.9099998,Uttar Pradesh,109135,34321,7757,Shahjahanpur,791.359999004,3.3,1.72500002,1.5749999799999999,11.61206617,1.5912739010732306,1.1939224684724346,11.600340926973178,10.443512690706546,8.956350940490871,0.5452270620775259,0.4542552595791835
Maize,0.41,Uttar Pradesh,43952,12733,3917,Pilibhit,991.870003,1.18000001,1.035,0.14500001000000018,2.866361171,-0.8915981192837836,0.1655144469521497,10.690853408335055,9.451952327573435,8.27308133366583,0.03440142671733232,-1.9310214675960466
Maize,0.75,Uttar Pradesh,26893,5349,1051,Rampur,857.379998,1.28,1.23199999,0.04800000999999998,10.53140097,-0.2876820724517809,0.2468600779315258,10.199621308677711,8.58466490653125,6.957497370876951,0.20863885699444493,-3.036554059740935
Maize,0.1,Uttar Pradesh,42398,14381,3426,Bijnor,611.789981,1.029999999,1.017000001,0.012999997999999957,3.088438948,-2.3025850929940455,0.02955880127067056,10.654856470296197,9.57366316988638,8.139148678884066,0.016857118049707055,-4.342806075366769
Maize,268.38,Uttar Pradesh,97642,27112,10933,Farrukhabad,630.25,86.470001,86.470001,0.0,30.89250522,5.592403886672812,4.459797544537043,11.489063007705553,10.207731713286888,9.299541017434485,4.459797544537043,-23.025850929940457
Maize,43.200001,Uttar Pradesh,67862,27997,2552,Etawah,450.860001,15.62,13.551,2.068999999999999,24.0614579,3.7658405183982127,2.7485521444115397,11.125231510347183,10.239852640559992,7.844632644464681,2.606460345340577,0.7270653987634055
Maize,110.49,Uttar Pradesh,124649,45131,7720,Kanpur,418.689999,35.240002,7.6240001,27.616001899999997,33.86038701,4.704925019125084,3.562181857821666,11.733257066456627,10.717324650785175,8.951569643018821,2.0313011794683753,3.31839538370171
Maize,0.67000002,Uttar Pradesh,49651,20660,2863,Fatehpur,733.8799912,1.31,1.059999999,0.2500000010000001,38.81640261,-0.4004775367463794,0.2700271372130602,10.8127738102574,9.93595474267363,7.959625305098115,0.05826890718057952,-1.3862943571198902
Maize,1.36,Uttar Pradesh,108387,39828,13191,Allahabad,668.93999,1.56,1.43599999,0.12400001000000005,15.88414142,0.3074846997479607,0.44468582126144574,11.5934634345967,10.592325461507976,9.48729005784892,0.36186146366224414,-2.0874736327319416
Maize,18.43,Uttar Pradesh,66983,48399,2534,Jhansi,467.819992,21.74,1.002,20.738,0.582606933,2.9139797716817317,3.0791538816930633,11.112194134834576,10.787234431334253,7.837554360881084,0.001998002662673058,3.0319677661360864
Maize,0.059999999,Uttar Pradesh,34091,17988,1110,Jalaun,428.659999,1.02,1.001,0.019000000000000128,2.210888043,-2.813410733426703,0.01980262729617973,10.436788698817288,9.797460147890598,7.01211529430638,0.0009995003330834232,-3.96331629981569
Maize,1.26,Uttar Pradesh,33248,20580,1666,Hamirpur,434.040009,1.43000001,1.001,0.4290000100000002,1.945764281,0.23111172096338664,0.35767445126482295,10.411749893898953,9.93207500938804,7.418180822726788,0.0009995003330834232,-0.8462983367440966
Maize,0.039999999,Uttar Pradesh,31565,19178,2047,Banda,729.6000141000001,1.02,1.02,0.0,31.38010403,-3.218875849868201,0.01980262729617973,10.359804190801727,9.861519067713626,7.624130585661289,0.01980262729617973,-23.025850929940457
Maize,5.8600001,Uttar Pradesh,87883,26904,4706,Varanasi,723.7000030199999,4.4000001,1.034000002,3.3660000979999998,66.12474406,1.7681496206537675,1.4816045636514878,11.383761663376049,10.200030253420106,8.456593569287309,0.03343477802047334,1.2137251248832899
Maize,67.230003,Uttar Pradesh,48177,17780,2322,Jaunpur,782.5600000000001,44.349998,1.442,42.907998,74.5943704,4.20811962110388,3.7921126636597586,10.782637007729601,9.785829509067895,7.7501841622578365,0.3660310388627573,3.759058242123827
Maize,1.03,Uttar Pradesh,47591,18207,2463,Ghazipur,701.899997,1.81,1.34299999,0.46700001,35.3579145,0.02955880224154443,0.5933268452777344,10.77039894671221,9.809561414503964,7.809135398120538,0.29490591009508416,-0.7614259998999637
Maize,60.939999,Uttar Pradesh,35302,15283,2455,Ballia,728.6700118,32.760000000000005,3.612,29.148000000000003,8.71385202,4.10988975714798,3.4892082589848687,10.471694898540225,9.634496378527837,7.805882040228621,1.284261635554739,3.372386299808036
Maize,2.45,Uttar Pradesh,111370,33124,9619,Gorakhpur,976.4700002,4.0599999,1.634,2.4259999000000003,46.83190458,0.8960880245566357,1.4011829489830991,11.620613270387146,10.40801337415359,9.171495588152615,0.49103099643781106,0.8862437693017422
Maize,43.509998,Uttar Pradesh,62812,23174,5327,Deoria,850.2200099,16.86,8.058000100000001,8.801999899999998,8.073508156,3.772990750766143,2.8249439525737094,11.047901417004844,10.050786239557008,8.580543506917,2.086665399179183,2.1749789570278453
Maize,4.7199998,Uttar Pradesh,88716,31875,7716,Basti,888.12999,5.8899999,2.0829999,3.8070000000000004,8.208008697,1.5518087572245818,1.7732559806855666,11.3931955353451,10.369577282460726,8.951051374025619,0.7338091142711525,1.3368414774003603
Maize,10.81,Uttar Pradesh,79550,30817,4398,Azamgarh,928.100011,7.4400001,2.6479999999999997,4.7920001,71.83476231,2.3804716316511167,2.0068708622858606,11.284141033765932,10.335821764746314,8.388905171114706,0.9738046380747617,1.5669478816812616
Maize,1.88,Uttar Pradesh,21074,9715,622,Lucknow,732.9300039,2.62,1.148,1.4720000000000002,91.83590103,0.6312717768418578,0.9631743177730056,9.955795332159473,9.18142636181154,6.432940092739179,0.1380212978973746,0.38662202030668463
Maize,65.620003,Uttar Pradesh,41140,16272,1593,Unnao,609.940013,30.23,3.2090001,27.0209999,84.79127544,4.183880573250724,3.408834808791367,10.624736163206949,9.69720111828834,7.373374309910049,1.1659593932900751,3.29661433776889
Maize,1.03,Uttar Pradesh,75823,30469,3511,Rae-Bareily,727.2900149999999,1.55000001,1.039000001,0.511000009,71.99218903,0.02955880224154443,0.4382549373827681,11.236156955684022,10.324465052274801,8.163656176168432,0.03825871307955425,-0.6713856711659083
Maize,9.1199999,Uttar Pradesh,88206,32282,7455,Sitapur,827.7499939,10.9700003,1.34999999,9.62000031,45.14381337,2.2104697931213275,2.3951643016344493,11.387430266892022,10.382265078333225,8.916640227198839,0.3001045850429306,2.2638442969021466
Maize,87.709999,Uttar Pradesh,94914,35036,2807,Hardoi,650.129995,37.16,6.7579999,30.402000099999995,25.28892102,4.474035906562081,3.6152329139456376,11.460726497426634,10.464131383282979,7.939871576361883,1.9107269734948207,3.4145083990110847
Maize,12.96,Uttar Pradesh,45798,15564,4193,Kheri,1037.2832929,9.4099998,2.9119999,6.4979999,14.0000795,2.561867690924129,2.2417729323433027,10.731995701026525,9.652715834104445,8.341171747170762,1.0688400959937796,1.8714944218575578
Maize,6.96,Uttar Pradesh,62705,23442,4158,Faizabad,675.38000002,4.5899999000000005,4.5899999000000005,0.0,50.68125474,1.9401794743463283,1.5238800022859613,11.04619646825815,10.062284564283125,8.332789468417959,1.5238800022859613,-23.025850929940457
Maize,65.220001,Uttar Pradesh,60511,21845,5206,Gonda,822.3299900000001,52.0,3.638,48.362,0.79923882,4.177766185693893,3.9512437185814275,11.01058044567383,9.991727341385536,8.55756708555451,1.2914340800959305,3.8787143813844054
Maize,154.36,Uttar Pradesh,76222,28989,12216,Bahraich,874.940011,93.370003,5.27,88.100003,0.0,5.039287536669418,4.536570126626069,11.241405413915658,10.274671726667417,9.410501846898468,1.6620303625532709,4.478472566994347
Maize,9.2799997,Uttar Pradesh,50043,20285,2169,Sultanpur,610.6700000000001,6.3499999,1.46599999,4.88399991,57.49787596,2.2278615144705225,1.8484547971565688,10.820637914822164,9.917636975640548,7.682021510826875,0.3825375966431773,1.5859645378209397
Maize,1.35,Uttar Pradesh,28992,11866,4210,Pratapgarh,684.200015,1.60000002,1.60000002,0.0,45.41164744,0.30010459245033816,0.47000364174573545,10.274775208842707,9.381432446818588,8.345217926676428,0.47000364174573545,-23.025850929940457
Maize,8.3100004,Uttar Pradesh,57527,17469,2933,Barabanki,751.6000091000001,5.4499998,1.377,4.0729998,44.39473326,2.117459657002133,1.6956155719779042,10.960009681791586,9.76818316050523,7.983781068977451,0.3199072197465178,1.4043797795624196
Maize,4.5900002,Uttarakhand,117390,15316,6314,Nainital,1075.06997,4.46,1.07,3.3899999999999997,10.50496733,1.5238800676454376,1.4951487660319727,11.673257003872568,9.636653312597184,8.750524669117937,0.06765864847381486,1.2208299213923588
Maize,2.8299999,Uttarakhand,428,112,36,Almorah,940.8499899999999,3.1600001,1.01,2.1500000999999997,1.33918839,1.0402766763194564,1.1505720592443898,6.059123195581797,4.718498871295094,3.58351893845611,0.009950330853168092,0.7654678886511982
Maize,4.1500001,Uttarakhand,475,127,43,Pithorgarh,904.2400099700001,3.75,1.039999999,2.710000001,0.0,1.423108358338992,1.3217558399823195,6.163314804034641,4.844187086458591,3.7612001156935624,0.039220712191742786,0.9969486352606133
Maize,0.62,Uttarakhand,86,45,2,Chamoli,851.730010004,1.34999999,1.0,0.3499999899999999,0.127974096,-0.4780358009429998,0.3001045850429306,4.454347296253507,3.8066624897703196,0.6931471805599453,0.0,-1.0498221530701068
Maize,1.26,Uttarakhand,137,149,33,Uttar Kashi,804.739999999,1.47,1.0,0.47,0.0,0.23111172096338664,0.3852624007906449,4.919980925828125,5.003946305945459,3.4965075614664802,0.0,-0.7550225842780328
Maize,4.75,Uttarakhand,75,33,2,Tehri Garhwal,1039.34999,3.1099999,1.0,2.1099999,1.340415995,1.55814461804655,1.1346226940368014,4.31748811353631,3.4965075614664802,0.6931471805599453,0.0,0.7466879000946091
Maize,4.5900002,Uttarakhand,374,103,6,Garhwal,952.10999,3.22,1.050000001,2.1699999990000003,1.118322468,1.5238800676454376,1.169381359556317,5.924255797414532,4.634728988229636,1.791759469228055,0.04879016512181286,0.7747271670915388
Maize,18.530001,Uttarakhand,3319,887,99,Dehradun,1146.29001,7.75,1.02,6.73,7.676887549,2.9193910942638075,2.0476928433652555,8.107418811719974,6.787844982309579,4.59511985013459,0.01980262729617973,1.9065751436566365
Maize,0.25,Assam,18845,6022,5409,Cachar,2548.60647,1.15000001,1.0,0.15000001000000007,0.0,-1.3862943611198906,0.1397619510708109,9.844002905701236,8.70317470904168,8.595819511871428,0.0,-1.8971199182192164
Maize,43.689999,Assam,17159,5484,4925,Darrang,985.880975,8.4099998,1.88999999,6.51999981,0.0,3.7771192200748116,2.1294214502036435,9.750278096285621,8.609590040682205,8.502079553606189,0.6365768237805457,1.874874346797457
Maize,0.87,Assam,15212,4861,4367,Dibrugarh,1437.96999,2.3200000999999997,1.0,1.3200000999999997,0.0,-0.13926206733350766,0.8415672287816658,9.62983986904815,8.488999457045455,8.381831553485561,0.0,0.2776318123558521
Maize,16.91,Assam,30285,9638,8693,Goalpara,2150.61999,6.21,1.0,5.21,0.0,2.827905162910489,1.8261608959453874,10.318407819415048,9.173468897200278,9.070273383079064,0.0,1.6505798557652755
Maize,5.3400002,Assam,27341,8737,7849,Kamrup,1389.73685,2.4299999000000003,1.17,1.2599999000000004,0.007592246,1.6752256904252865,0.887891216200193,10.216142686053809,9.075322160298095,8.968141414126814,0.1570037488096647,0.23111164159830444
Maize,23.200001,Assam,3226,1031,926,Karbi Anglong,0.0,11.48,1.0,10.48,0.0,3.1441523217757115,2.4406063908914204,8.078998258685154,6.93828448401696,6.8308742346461795,0.0,2.349468678892896
Maize,1.86,Assam,10347,3306,2966,Lakhimpur,1997.48384,1.46000001,1.02,0.4400000099999999,0.421320792,0.62057648772511,0.37843644256956005,9.24445190160495,8.10349427838097,7.994969522697877,0.01980262729617973,-0.8209805293425579
Maize,2.9200001,Assam,15521,4960,4456,Nagaon,1111.05001,2.1100000000000003,1.0,1.1100000000000003,0.0,1.0715836505267653,0.7466879474879753,9.649949224651184,8.509161019718974,8.40200678160712,0.0,0.10436001532424305
Maize,69.07,Himachal Pradesh,1915,107,45,Bilashpur,933.140022,25.51,1.0,24.51,0.390813256,4.235120483100881,3.23907053215372,7.557472901614746,4.672828834461906,3.8066624897703196,0.0,3.1990811975400213
Maize,98.790001,Himachal Pradesh,1134,88,63,Chamba,685.920001,27.75,1.0,26.75,0.0,4.592996395178865,3.3232358401924436,7.033506484287697,4.477336814478207,4.143134726391533,0.0,3.2865344733420154
Maize,292.73999,Himachal Pradesh,14180,2766,1409,Kangra,1190.3000200000001,116.75,1.0,115.75,0.251895137,5.679284808895795,4.760034896549007,9.559587800086119,7.925157512224703,7.25063551189868,0.0,4.751432692966343
Maize,0.63999999,Himachal Pradesh,111,64,89,Kinnaur,392.409999,1.19,1.006,0.18399999999999994,0.0,-0.4462871182534197,0.17395330712343798,4.709530201312334,4.1588830833596715,4.48863636973214,0.005982071677547469,-1.6928195213731518
Maize,59.119999,Himachal Pradesh,2786,1384,1882,Kullu,721.389993999,16.060000000000002,1.0,15.060000000000002,1.105313459,4.079569259725196,2.7763317085186157,7.932362154339751,7.232733136177615,7.540090320145325,0.0,2.7120422223717475
Maize,0.059999999,Himachal Pradesh,182,183,109,Lahul & Spiti,673.529994,1.02,1.02,0.0,0.0,-2.813410733426703,0.01980262729617973,5.204006687076795,5.209486152841421,4.6913478822291435,0.01980262729617973,-23.025850929940457
Maize,73.279999,Himachal Pradesh,2429,474,253,Solan,624.739997,21.93,1.001,20.929,0.982709001,4.294287706719587,3.0878555624297968,7.795234929002173,6.161207321695077,5.53338948872752,0.0009995003330834232,3.0411357570078406
Maize,16.700001,Himachal Pradesh,4378,1152,892,Mandi,985.429998,47.59,1.0,46.59,1.919423925,2.815408779302947,3.862622655133019,8.384347278082808,7.049254841255837,6.79346613258001,0.0,3.8413859258287055
Maize,31.93,Himachal Pradesh,6111,2888,6051,Shimla,567.80001,11.2,1.004,10.196,1.735352711,3.4635460067266908,2.4159137783010487,8.717845704894916,7.968319500012717,8.707978826622321,0.003992021269537457,2.321995486513869
Maize,68.790001,Himachal Pradesh,3375,665,387,Sirmaur,753.0799999999999,21.82,1.064000003,20.755999997,0.248091983,4.231058400074919,3.0828269804049246,8.12415060330663,6.499787040655854,5.958424693029782,0.06203539373900159,3.0328353613609567
Maize,0.02,Kerala,25706,9087,12772,Kottayam,692.310009,1.01,1.0,0.010000000000000009,0.0,-3.912023005428146,0.009950330853168092,10.154479706670077,9.114600099695346,9.455010553834672,0.0,-4.605170185988091
Maize,0.13,Kerala,28176,5271,6717,Palakkad,611.2800010000001,1.059999999,1.0,0.05999999899999997,0.0,-2.0402208285265546,0.05826890718057952,10.246225830735987,8.569975376855206,8.812396905266864,0.0,-2.8134107334267036
Maize,294.04001,Bihar,125927,46593,20330,Champaran,730.589998,89.599998,49.189999,40.409999,19.91566738,5.683715846514865,4.495355297659456,11.743457652957451,10.74920559423812,9.919852906622392,3.895690330477913,3.699077254344032
Maize,186.02,Bihar,109463,43421,21188,Muzaffarpur,644.210001,75.190002,56.950001,18.240001000000007,32.96913214,5.225854194814321,4.320018269989217,11.603341871594399,10.678698474028431,9.961190262664417,4.042173707452453,2.9036170394707455
Maize,480.0,Bihar,79877,31528,13340,Darbhanga,1013.559987,77.440002,65.620003,11.81999900000001,0.001554714,6.173786103901937,4.349503468794768,11.288243230489993,10.35863131887484,9.498522319469615,4.183880573250724,2.4697929273755803
Maize,235.49001,Bihar,44082,18294,11692,Saharsa,895.180023,45.049999,42.990002,2.0599970000000027,4.42241708,5.461668492174537,3.8077729618567884,10.693806814848333,9.81432841621631,9.366660126231137,3.760967577030636,0.722704526489751
Maize,178.48,Bihar,65685,16211,3535,Saran,359.84000202,61.75,30.950001,30.799999,36.82237186,5.184476550124277,4.123093975508087,11.092625867903608,9.693445303141573,8.170468578330674,3.432373031440782,3.427514657511996
Maize,54.07,Bihar,90899,24771,4278,Patna,521.999998,13.48,9.6499996,3.830000400000001,7.589995311,3.9902795033939134,2.601207105484161,11.417504279004948,10.117428893085538,8.361240889642351,2.2669578739001164,1.3428649076311918
Maize,416.98001,Bihar,125661,42562,21130,Mungair,468.22999,115.66,69.459999,46.200001,0.0,6.033038282999875,4.750654852730072,11.741343083907129,10.658717115392617,9.958449110610102,4.240751032919153,3.8329798197327145
Maize,218.55,Bihar,60780,19306,11211,Bhagalpur,788.9399900000001,50.040001,32.059999000000005,17.980001999999992,2.950756596,5.387014821309323,3.9128227055827227,11.015016066470784,9.86817120740856,9.324650718153594,3.4676091159898905,2.889260140278173
Maize,208.14999,Jharkhand,29186,28287,7303,Santhal Paragana / Dumka,1140.57999,93.419998,1.0,92.419998,0.0,5.338258925598706,4.53710543366527,10.281444421227691,10.250157614133787,8.89604050162011,0.0,4.526343383801782
Maize,9.4899998,Bihar,162928,50799,7932,Shahabad (now part of Bhojpur district),333.3500111,4.6600000999999995,1.68000001,2.9800000899999994,25.36546075,2.2502385915470207,1.5390154695967817,12.001063664411447,10.83563194833345,8.978660489639687,0.5187937993675485,1.0919233307186547
Maize,17.559999,Bihar,99317,30221,4369,Gaya,598.7199891,6.1700001,2.9699999999999998,3.2000001000000005,1.25790507,2.8656235312593608,1.8196988541247519,11.506072033769213,10.316292325947678,8.382289428951436,1.0885619528146082,1.1631508410556806
Maize,139.50999,Jharkhand,15376,11091,1486,Hazaribagh,1260.06002,65.330002,1.0,64.330002,0.0,4.938136211600565,4.179451379466466,9.640563131210074,9.313889247604742,7.303843225277705,0.0,4.164026116512602
Maize,11.5,Jharkhand,427,297,82,Dhanbad,1103.37002,5.9499998,1.0,4.9499998,0.0,2.4423470353692043,1.7833911859440923,6.056784013228625,5.6937321388027,4.406719247264253,0.0,1.5993875361765577
Maize,93.25,Jharkhand,16063,8959,1702,Palamau,787.85999,67.32,1.0,66.32,0.0,4.535284058523925,4.209457369322605,9.684273769557766,9.100413892597578,7.43955930913332,0.0,4.1944915108270395
Maize,103.5,Jharkhand,28893,20374,3949,Ranchi,1275.550008,40.610001,1.0,39.610001,0.0,4.639571612705423,3.7040143663226828,10.271354630228974,9.922014857150012,8.28121766128665,0.0,3.679081636879975
Maize,40.82,Jharkhand,2588,1600,122,Singhbhum,753.2299909999999,28.07,1.0,27.07,0.0,3.709172157381699,3.334701390373791,7.858640655620791,7.3777589082278725,4.804021044733257,0.0,3.29842610362621
